photo,title,city,state,country,latitude,longitude
geotagged/GOPR0900.JPG,2,<a href=geotagged/GOPR0900.JPG target=_blank><img src =geotagged/thumb/GOPR0900.JPG width=200></a><br>44.5269-11.3642,Cycloscope Project,5,44.5269,11.3642
geotagged/GOPR0910.JPG,2,<a href=geotagged/GOPR0910.JPG target=_blank><img src =geotagged/thumb/GOPR0910.JPG width=200></a><br>44.5372-11.392,Cycloscope Project,5,44.5372,11.392
geotagged/GOPR0920.JPG,2,<a href=geotagged/GOPR0920.JPG target=_blank><img src =geotagged/thumb/GOPR0920.JPG width=200></a><br>44.57-11.4148,Cycloscope Project,5,44.57,11.4148
geotagged/GOPR0930.JPG,2,<a href=geotagged/GOPR0930.JPG target=_blank><img src =geotagged/thumb/GOPR0930.JPG width=200></a><br>44.5814-11.4449,Cycloscope Project,5,44.5814,11.4449
geotagged/GOPR0940.JPG,2,<a href=geotagged/GOPR0940.JPG target=_blank><img src =geotagged/thumb/GOPR0940.JPG width=200></a><br>44.5823-11.4785,Cycloscope Project,5,44.5823,11.4785
geotagged/GOPR0950.JPG,2,<a href=geotagged/GOPR0950.JPG target=_blank><img src =geotagged/thumb/GOPR0950.JPG width=200></a><br>44.5951-11.5097,Cycloscope Project,5,44.5951,11.5097
geotagged/GOPR0960.JPG,2,<a href=geotagged/GOPR0960.JPG target=_blank><img src =geotagged/thumb/GOPR0960.JPG width=200></a><br>44.6147-11.5453,Cycloscope Project,5,44.6147,11.5453
geotagged/GOPR0970.JPG,2,<a href=geotagged/GOPR0970.JPG target=_blank><img src =geotagged/thumb/GOPR0970.JPG width=200></a><br>44.615-11.584,Cycloscope Project,5,44.615,11.584
geotagged/GOPR0980.JPG,2,<a href=geotagged/GOPR0980.JPG target=_blank><img src =geotagged/thumb/GOPR0980.JPG width=200></a><br>44.6406-11.6135,Cycloscope Project,5,44.6406,11.6135
geotagged/GOPR0990.JPG,2,<a href=geotagged/GOPR0990.JPG target=_blank><img src =geotagged/thumb/GOPR0990.JPG width=200></a><br>44.6496-11.6448,Cycloscope Project,5,44.6496,11.6448
geotagged/GOPR1000.JPG,2,<a href=geotagged/GOPR1000.JPG target=_blank><img src =geotagged/thumb/GOPR1000.JPG width=200></a><br>44.6522-11.6491,Cycloscope Project,5,44.6522,11.6491
geotagged/GOPR1010.JPG,2,<a href=geotagged/GOPR1010.JPG target=_blank><img src =geotagged/thumb/GOPR1010.JPG width=200></a><br>44.6796-11.66,Cycloscope Project,5,44.6796,11.66
geotagged/GOPR1020.JPG,2,<a href=geotagged/GOPR1020.JPG target=_blank><img src =geotagged/thumb/GOPR1020.JPG width=200></a><br>44.6963-11.6913,Cycloscope Project,5,44.6963,11.6913
geotagged/GOPR1030.JPG,2,<a href=geotagged/GOPR1030.JPG target=_blank><img src =geotagged/thumb/GOPR1030.JPG width=200></a><br>44.7011-11.7353,Cycloscope Project,5,44.7011,11.7353
geotagged/GOPR1040.JPG,2,<a href=geotagged/GOPR1040.JPG target=_blank><img src =geotagged/thumb/GOPR1040.JPG width=200></a><br>44.7011-11.7738,Cycloscope Project,5,44.7011,11.7738
geotagged/GOPR1060.JPG,2,<a href=geotagged/GOPR1060.JPG target=_blank><img src =geotagged/thumb/GOPR1060.JPG width=200></a><br>44.7027-11.7828,Cycloscope Project,5,44.7027,11.7828
geotagged/GOPR1070.JPG,2,<a href=geotagged/GOPR1070.JPG target=_blank><img src =geotagged/thumb/GOPR1070.JPG width=200></a><br>44.7027-11.7828,Cycloscope Project,5,44.7027,11.7828
geotagged/GOPR1080.JPG,2,<a href=geotagged/GOPR1080.JPG target=_blank><img src =geotagged/thumb/GOPR1080.JPG width=200></a><br>44.7027-11.7828,Cycloscope Project,5,44.7027,11.7828
geotagged/GOPR1090.JPG,2,<a href=geotagged/GOPR1090.JPG target=_blank><img src =geotagged/thumb/GOPR1090.JPG width=200></a><br>44.696-11.811,Cycloscope Project,5,44.696,11.811
geotagged/GOPR1100.JPG,2,<a href=geotagged/GOPR1100.JPG target=_blank><img src =geotagged/thumb/GOPR1100.JPG width=200></a><br>44.6912-11.8535,Cycloscope Project,5,44.6912,11.8535
geotagged/GOPR1110.JPG,2,<a href=geotagged/GOPR1110.JPG target=_blank><img src =geotagged/thumb/GOPR1110.JPG width=200></a><br>44.6801-11.8901,Cycloscope Project,5,44.6801,11.8901
geotagged/GOPR1120.JPG,2,<a href=geotagged/GOPR1120.JPG target=_blank><img src =geotagged/thumb/GOPR1120.JPG width=200></a><br>44.6765-11.931,Cycloscope Project,5,44.6765,11.931
geotagged/GOPR1130.JPG,2,<a href=geotagged/GOPR1130.JPG target=_blank><img src =geotagged/thumb/GOPR1130.JPG width=200></a><br>44.699-11.9443,Cycloscope Project,5,44.699,11.9443
geotagged/GOPR1140.JPG,2,<a href=geotagged/GOPR1140.JPG target=_blank><img src =geotagged/thumb/GOPR1140.JPG width=200></a><br>44.7292-11.9418,Cycloscope Project,5,44.7292,11.9418
geotagged/GOPR1150.JPG,2,<a href=geotagged/GOPR1150.JPG target=_blank><img src =geotagged/thumb/GOPR1150.JPG width=200></a><br>44.7453-11.9457,Cycloscope Project,5,44.7453,11.9457
geotagged/GOPR1160.JPG,2,<a href=geotagged/GOPR1160.JPG target=_blank><img src =geotagged/thumb/GOPR1160.JPG width=200></a><br>44.744-11.969,Cycloscope Project,5,44.744,11.969
geotagged/GOPR1170.JPG,2,<a href=geotagged/GOPR1170.JPG target=_blank><img src =geotagged/thumb/GOPR1170.JPG width=200></a><br>44.7366-11.9972,Cycloscope Project,5,44.7366,11.9972
geotagged/GOPR1180.JPG,2,<a href=geotagged/GOPR1180.JPG target=_blank><img src =geotagged/thumb/GOPR1180.JPG width=200></a><br>44.7369-11.9948,Cycloscope Project,5,44.7369,11.9948
geotagged/GOPR1190.JPG,2,<a href=geotagged/GOPR1190.JPG target=_blank><img src =geotagged/thumb/GOPR1190.JPG width=200></a><br>44.7433-11.9513,Cycloscope Project,5,44.7433,11.9513
geotagged/GOPR1200.JPG,2,<a href=geotagged/GOPR1200.JPG target=_blank><img src =geotagged/thumb/GOPR1200.JPG width=200></a><br>44.7689-11.9535,Cycloscope Project,5,44.7689,11.9535
geotagged/GOPR1210.JPG,2,<a href=geotagged/GOPR1210.JPG target=_blank><img src =geotagged/thumb/GOPR1210.JPG width=200></a><br>44.771-11.9318,Cycloscope Project,5,44.771,11.9318
geotagged/GOPR1220.JPG,2,<a href=geotagged/GOPR1220.JPG target=_blank><img src =geotagged/thumb/GOPR1220.JPG width=200></a><br>44.7901-11.9667,Cycloscope Project,5,44.7901,11.9667
geotagged/GOPR1230.JPG,2,<a href=geotagged/GOPR1230.JPG target=_blank><img src =geotagged/thumb/GOPR1230.JPG width=200></a><br>44.8133-11.9992,Cycloscope Project,5,44.8133,11.9992
geotagged/GOPR1240.JPG,2,<a href=geotagged/GOPR1240.JPG target=_blank><img src =geotagged/thumb/GOPR1240.JPG width=200></a><br>44.8158-12.0301,Cycloscope Project,5,44.8158,12.0301
geotagged/GOPR1250.JPG,2,<a href=geotagged/GOPR1250.JPG target=_blank><img src =geotagged/thumb/GOPR1250.JPG width=200></a><br>44.8355-12.0607,Cycloscope Project,5,44.8355,12.0607
geotagged/GOPR1260.JPG,2,<a href=geotagged/GOPR1260.JPG target=_blank><img src =geotagged/thumb/GOPR1260.JPG width=200></a><br>44.8325-12.1014,Cycloscope Project,5,44.8325,12.1014
geotagged/GOPR1270.JPG,2,<a href=geotagged/GOPR1270.JPG target=_blank><img src =geotagged/thumb/GOPR1270.JPG width=200></a><br>44.8358-12.137,Cycloscope Project,5,44.8358,12.137
geotagged/GOPR1280.JPG,2,<a href=geotagged/GOPR1280.JPG target=_blank><img src =geotagged/thumb/GOPR1280.JPG width=200></a><br>44.8588-12.1478,Cycloscope Project,5,44.8588,12.1478
geotagged/GOPR1290.JPG,2,<a href=geotagged/GOPR1290.JPG target=_blank><img src =geotagged/thumb/GOPR1290.JPG width=200></a><br>44.8796-12.1553,Cycloscope Project,5,44.8796,12.1553
geotagged/GOPR1300.JPG,2,<a href=geotagged/GOPR1300.JPG target=_blank><img src =geotagged/thumb/GOPR1300.JPG width=200></a><br>44.8853-12.1759,Cycloscope Project,5,44.8853,12.1759
geotagged/GOPR1310.JPG,2,<a href=geotagged/GOPR1310.JPG target=_blank><img src =geotagged/thumb/GOPR1310.JPG width=200></a><br>44.8862-12.2119,Cycloscope Project,5,44.8862,12.2119
geotagged/GOPR1320.JPG,2,<a href=geotagged/GOPR1320.JPG target=_blank><img src =geotagged/thumb/GOPR1320.JPG width=200></a><br>44.8826-12.2183,Cycloscope Project,5,44.8826,12.2183
geotagged/GOPR1330.JPG,2,<a href=geotagged/GOPR1330.JPG target=_blank><img src =geotagged/thumb/GOPR1330.JPG width=200></a><br>44.8955-12.2268,Cycloscope Project,5,44.8955,12.2268
geotagged/GOPR1340.JPG,2,<a href=geotagged/GOPR1340.JPG target=_blank><img src =geotagged/thumb/GOPR1340.JPG width=200></a><br>44.921-12.23,Cycloscope Project,5,44.921,12.23
geotagged/GOPR1350.JPG,2,<a href=geotagged/GOPR1350.JPG target=_blank><img src =geotagged/thumb/GOPR1350.JPG width=200></a><br>44.9355-12.228,Cycloscope Project,5,44.9355,12.228
geotagged/GOPR1360.JPG,2,<a href=geotagged/GOPR1360.JPG target=_blank><img src =geotagged/thumb/GOPR1360.JPG width=200></a><br>44.9687-12.2233,Cycloscope Project,5,44.9687,12.2233
geotagged/GOPR1370.JPG,2,<a href=geotagged/GOPR1370.JPG target=_blank><img src =geotagged/thumb/GOPR1370.JPG width=200></a><br>45.0025-12.2247,Cycloscope Project,5,45.0025,12.2247
geotagged/GOPR1380.JPG,2,<a href=geotagged/GOPR1380.JPG target=_blank><img src =geotagged/thumb/GOPR1380.JPG width=200></a><br>45.0182-12.2293,Cycloscope Project,5,45.0182,12.2293
geotagged/GOPR1390.JPG,2,<a href=geotagged/GOPR1390.JPG target=_blank><img src =geotagged/thumb/GOPR1390.JPG width=200></a><br>45.0451-12.2443,Cycloscope Project,5,45.0451,12.2443
geotagged/GOPR1400.JPG,2,<a href=geotagged/GOPR1400.JPG target=_blank><img src =geotagged/thumb/GOPR1400.JPG width=200></a><br>45.0662-12.2594,Cycloscope Project,5,45.0662,12.2594
geotagged/GOPR1410.JPG,2,<a href=geotagged/GOPR1410.JPG target=_blank><img src =geotagged/thumb/GOPR1410.JPG width=200></a><br>45.0716-12.2988,Cycloscope Project,5,45.0716,12.2988
geotagged/GOPR1420.JPG,2,<a href=geotagged/GOPR1420.JPG target=_blank><img src =geotagged/thumb/GOPR1420.JPG width=200></a><br>45.0917-12.2942,Cycloscope Project,5,45.0917,12.2942
geotagged/GOPR1430.JPG,2,<a href=geotagged/GOPR1430.JPG target=_blank><img src =geotagged/thumb/GOPR1430.JPG width=200></a><br>45.118-12.3072,Cycloscope Project,5,45.118,12.3072
geotagged/GOPR1440.JPG,2,<a href=geotagged/GOPR1440.JPG target=_blank><img src =geotagged/thumb/GOPR1440.JPG width=200></a><br>45.1134-12.2653,Cycloscope Project,5,45.1134,12.2653
geotagged/GOPR1450.JPG,2,<a href=geotagged/GOPR1450.JPG target=_blank><img src =geotagged/thumb/GOPR1450.JPG width=200></a><br>45.1124-12.2459,Cycloscope Project,5,45.1124,12.2459
geotagged/GOPR1460.JPG,2,<a href=geotagged/GOPR1460.JPG target=_blank><img src =geotagged/thumb/GOPR1460.JPG width=200></a><br>45.1365-12.258,Cycloscope Project,5,45.1365,12.258
geotagged/GOPR1470.JPG,2,<a href=geotagged/GOPR1470.JPG target=_blank><img src =geotagged/thumb/GOPR1470.JPG width=200></a><br>45.159-12.2685,Cycloscope Project,5,45.159,12.2685
geotagged/GOPR1480.JPG,2,<a href=geotagged/GOPR1480.JPG target=_blank><img src =geotagged/thumb/GOPR1480.JPG width=200></a><br>45.1802-12.272,Cycloscope Project,5,45.1802,12.272
geotagged/GOPR1490.JPG,2,<a href=geotagged/GOPR1490.JPG target=_blank><img src =geotagged/thumb/GOPR1490.JPG width=200></a><br>45.1961-12.2824,Cycloscope Project,5,45.1961,12.2824
geotagged/GOPR1500.JPG,2,<a href=geotagged/GOPR1500.JPG target=_blank><img src =geotagged/thumb/GOPR1500.JPG width=200></a><br>45.216-12.289,Cycloscope Project,5,45.216,12.289
geotagged/GOPR1510.JPG,2,<a href=geotagged/GOPR1510.JPG target=_blank><img src =geotagged/thumb/GOPR1510.JPG width=200></a><br>45.2704-12.3018,Cycloscope Project,5,45.2704,12.3018
geotagged/GOPR1520.JPG,2,<a href=geotagged/GOPR1520.JPG target=_blank><img src =geotagged/thumb/GOPR1520.JPG width=200></a><br>45.2923-12.3057,Cycloscope Project,5,45.2923,12.3057
geotagged/GOPR1530.JPG,2,<a href=geotagged/GOPR1530.JPG target=_blank><img src =geotagged/thumb/GOPR1530.JPG width=200></a><br>45.3103-12.3136,Cycloscope Project,5,45.3103,12.3136
geotagged/GOPR1540.JPG,2,<a href=geotagged/GOPR1540.JPG target=_blank><img src =geotagged/thumb/GOPR1540.JPG width=200></a><br>45.3269-12.3205,Cycloscope Project,5,45.3269,12.3205
geotagged/GOPR1550.JPG,2,<a href=geotagged/GOPR1550.JPG target=_blank><img src =geotagged/thumb/GOPR1550.JPG width=200></a><br>45.3262-12.3219,Cycloscope Project,5,45.3262,12.3219
geotagged/GOPR1560.JPG,2,<a href=geotagged/GOPR1560.JPG target=_blank><img src =geotagged/thumb/GOPR1560.JPG width=200></a><br>45.3328-12.3167,Cycloscope Project,5,45.3328,12.3167
geotagged/GOPR1570.JPG,2,<a href=geotagged/GOPR1570.JPG target=_blank><img src =geotagged/thumb/GOPR1570.JPG width=200></a><br>45.3246-12.3191,Cycloscope Project,5,45.3246,12.3191
geotagged/GOPR1580.JPG,2,<a href=geotagged/GOPR1580.JPG target=_blank><img src =geotagged/thumb/GOPR1580.JPG width=200></a><br>45.3298-12.3206,Cycloscope Project,5,45.3298,12.3206
geotagged/GOPR1590.JPG,2,<a href=geotagged/GOPR1590.JPG target=_blank><img src =geotagged/thumb/GOPR1590.JPG width=200></a><br>45.3498-12.3243,Cycloscope Project,5,45.3498,12.3243
geotagged/GOPR1600.JPG,2,<a href=geotagged/GOPR1600.JPG target=_blank><img src =geotagged/thumb/GOPR1600.JPG width=200></a><br>45.3742-12.3385,Cycloscope Project,5,45.3742,12.3385
geotagged/GOPR1610.JPG,2,<a href=geotagged/GOPR1610.JPG target=_blank><img src =geotagged/thumb/GOPR1610.JPG width=200></a><br>45.3961-12.3567,Cycloscope Project,5,45.3961,12.3567
geotagged/GOPR1620.JPG,2,<a href=geotagged/GOPR1620.JPG target=_blank><img src =geotagged/thumb/GOPR1620.JPG width=200></a><br>45.4474-12.4242,Cycloscope Project,5,45.4474,12.4242
geotagged/GOPR1630.JPG,2,<a href=geotagged/GOPR1630.JPG target=_blank><img src =geotagged/thumb/GOPR1630.JPG width=200></a><br>45.4569-12.4544,Cycloscope Project,5,45.4569,12.4544
geotagged/GOPR1640.JPG,2,<a href=geotagged/GOPR1640.JPG target=_blank><img src =geotagged/thumb/GOPR1640.JPG width=200></a><br>45.4681-12.4904,Cycloscope Project,5,45.4681,12.4904
geotagged/GOPR1650.JPG,2,<a href=geotagged/GOPR1650.JPG target=_blank><img src =geotagged/thumb/GOPR1650.JPG width=200></a><br>45.477-12.5286,Cycloscope Project,5,45.477,12.5286
geotagged/GOPR1660.JPG,2,<a href=geotagged/GOPR1660.JPG target=_blank><img src =geotagged/thumb/GOPR1660.JPG width=200></a><br>45.4827-12.562,Cycloscope Project,5,45.4827,12.562
geotagged/GOPR1670.JPG,2,<a href=geotagged/GOPR1670.JPG target=_blank><img src =geotagged/thumb/GOPR1670.JPG width=200></a><br>45.4888-12.5896,Cycloscope Project,5,45.4888,12.5896
geotagged/GOPR1680.JPG,2,<a href=geotagged/GOPR1680.JPG target=_blank><img src =geotagged/thumb/GOPR1680.JPG width=200></a><br>45.4861-12.598,Cycloscope Project,5,45.4861,12.598
geotagged/GOPR1690.JPG,2,<a href=geotagged/GOPR1690.JPG target=_blank><img src =geotagged/thumb/GOPR1690.JPG width=200></a><br>45.4929-12.6098,Cycloscope Project,5,45.4929,12.6098
geotagged/GOPR1700.JPG,2,<a href=geotagged/GOPR1700.JPG target=_blank><img src =geotagged/thumb/GOPR1700.JPG width=200></a><br>45.5056-12.6437,Cycloscope Project,5,45.5056,12.6437
geotagged/GOPR1710.JPG,2,<a href=geotagged/GOPR1710.JPG target=_blank><img src =geotagged/thumb/GOPR1710.JPG width=200></a><br>45.5139-12.671,Cycloscope Project,5,45.5139,12.671
geotagged/GOPR1720.JPG,2,<a href=geotagged/GOPR1720.JPG target=_blank><img src =geotagged/thumb/GOPR1720.JPG width=200></a><br>45.5255-12.7056,Cycloscope Project,5,45.5255,12.7056
geotagged/GOPR1730.JPG,2,<a href=geotagged/GOPR1730.JPG target=_blank><img src =geotagged/thumb/GOPR1730.JPG width=200></a><br>45.5436-12.7235,Cycloscope Project,5,45.5436,12.7235
geotagged/GOPR1740.JPG,2,<a href=geotagged/GOPR1740.JPG target=_blank><img src =geotagged/thumb/GOPR1740.JPG width=200></a><br>45.5517-12.7419,Cycloscope Project,5,45.5517,12.7419
geotagged/GOPR1750.JPG,2,<a href=geotagged/GOPR1750.JPG target=_blank><img src =geotagged/thumb/GOPR1750.JPG width=200></a><br>45.5553-12.7735,Cycloscope Project,5,45.5553,12.7735
geotagged/GOPR1760.JPG,2,<a href=geotagged/GOPR1760.JPG target=_blank><img src =geotagged/thumb/GOPR1760.JPG width=200></a><br>45.5634-12.7903,Cycloscope Project,5,45.5634,12.7903
geotagged/GOPR1770.JPG,2,<a href=geotagged/GOPR1770.JPG target=_blank><img src =geotagged/thumb/GOPR1770.JPG width=200></a><br>45.5663-12.8054,Cycloscope Project,5,45.5663,12.8054
geotagged/GOPR1780.JPG,2,<a href=geotagged/GOPR1780.JPG target=_blank><img src =geotagged/thumb/GOPR1780.JPG width=200></a><br>45.5708-12.8003,Cycloscope Project,5,45.5708,12.8003
geotagged/GOPR1790.JPG,2,<a href=geotagged/GOPR1790.JPG target=_blank><img src =geotagged/thumb/GOPR1790.JPG width=200></a><br>45.5735-12.8034,Cycloscope Project,5,45.5735,12.8034
geotagged/GOPR1800.JPG,2,<a href=geotagged/GOPR1800.JPG target=_blank><img src =geotagged/thumb/GOPR1800.JPG width=200></a><br>45.5735-12.8034,Cycloscope Project,5,45.5735,12.8034
geotagged/GOPR1810.JPG,2,<a href=geotagged/GOPR1810.JPG target=_blank><img src =geotagged/thumb/GOPR1810.JPG width=200></a><br>45.5831-12.8272,Cycloscope Project,5,45.5831,12.8272
geotagged/GOPR1820.JPG,2,<a href=geotagged/GOPR1820.JPG target=_blank><img src =geotagged/thumb/GOPR1820.JPG width=200></a><br>45.6092-12.8033,Cycloscope Project,5,45.6092,12.8033
geotagged/GOPR1830.JPG,2,<a href=geotagged/GOPR1830.JPG target=_blank><img src =geotagged/thumb/GOPR1830.JPG width=200></a><br>45.6321-12.7745,Cycloscope Project,5,45.6321,12.7745
geotagged/GOPR1840.JPG,2,<a href=geotagged/GOPR1840.JPG target=_blank><img src =geotagged/thumb/GOPR1840.JPG width=200></a><br>45.6412-12.7568,Cycloscope Project,5,45.6412,12.7568
geotagged/GOPR1850.JPG,2,<a href=geotagged/GOPR1850.JPG target=_blank><img src =geotagged/thumb/GOPR1850.JPG width=200></a><br>45.6465-12.7931,Cycloscope Project,5,45.6465,12.7931
geotagged/GOPR1860.JPG,2,<a href=geotagged/GOPR1860.JPG target=_blank><img src =geotagged/thumb/GOPR1860.JPG width=200></a><br>45.6728-12.8105,Cycloscope Project,5,45.6728,12.8105
geotagged/GOPR1870.JPG,2,<a href=geotagged/GOPR1870.JPG target=_blank><img src =geotagged/thumb/GOPR1870.JPG width=200></a><br>45.6873-12.8446,Cycloscope Project,5,45.6873,12.8446
geotagged/GOPR1880.JPG,2,<a href=geotagged/GOPR1880.JPG target=_blank><img src =geotagged/thumb/GOPR1880.JPG width=200></a><br>45.7052-12.8715,Cycloscope Project,5,45.7052,12.8715
geotagged/GOPR1890.JPG,2,<a href=geotagged/GOPR1890.JPG target=_blank><img src =geotagged/thumb/GOPR1890.JPG width=200></a><br>45.7188-12.908,Cycloscope Project,5,45.7188,12.908
geotagged/GOPR1900.JPG,2,<a href=geotagged/GOPR1900.JPG target=_blank><img src =geotagged/thumb/GOPR1900.JPG width=200></a><br>45.7322-12.9528,Cycloscope Project,5,45.7322,12.9528
geotagged/GOPR1910.JPG,2,<a href=geotagged/GOPR1910.JPG target=_blank><img src =geotagged/thumb/GOPR1910.JPG width=200></a><br>45.7486-12.9929,Cycloscope Project,5,45.7486,12.9929
geotagged/GOPR1920.JPG,2,<a href=geotagged/GOPR1920.JPG target=_blank><img src =geotagged/thumb/GOPR1920.JPG width=200></a><br>45.7751-12.9963,Cycloscope Project,5,45.7751,12.9963
geotagged/GOPR1930.JPG,2,<a href=geotagged/GOPR1930.JPG target=_blank><img src =geotagged/thumb/GOPR1930.JPG width=200></a><br>45.7925-13.0197,Cycloscope Project,5,45.7925,13.0197
geotagged/GOPR1940.JPG,2,<a href=geotagged/GOPR1940.JPG target=_blank><img src =geotagged/thumb/GOPR1940.JPG width=200></a><br>45.8003-13.063,Cycloscope Project,5,45.8003,13.063
geotagged/GOPR1950.JPG,2,<a href=geotagged/GOPR1950.JPG target=_blank><img src =geotagged/thumb/GOPR1950.JPG width=200></a><br>45.8124-13.11,Cycloscope Project,5,45.8124,13.11
geotagged/GOPR1960.JPG,2,<a href=geotagged/GOPR1960.JPG target=_blank><img src =geotagged/thumb/GOPR1960.JPG width=200></a><br>45.8245-13.1532,Cycloscope Project,5,45.8245,13.1532
geotagged/GOPR1970.JPG,2,<a href=geotagged/GOPR1970.JPG target=_blank><img src =geotagged/thumb/GOPR1970.JPG width=200></a><br>45.8347-13.189,Cycloscope Project,5,45.8347,13.189
geotagged/GOPR1980.JPG,2,<a href=geotagged/GOPR1980.JPG target=_blank><img src =geotagged/thumb/GOPR1980.JPG width=200></a><br>45.8347-13.2136,Cycloscope Project,5,45.8347,13.2136
geotagged/GOPR1990.JPG,2,<a href=geotagged/GOPR1990.JPG target=_blank><img src =geotagged/thumb/GOPR1990.JPG width=200></a><br>45.8425-13.2147,Cycloscope Project,5,45.8425,13.2147
geotagged/GOPR2000.JPG,2,<a href=geotagged/GOPR2000.JPG target=_blank><img src =geotagged/thumb/GOPR2000.JPG width=200></a><br>45.8325-13.2189,Cycloscope Project,5,45.8325,13.2189
geotagged/GOPR2010.JPG,2,<a href=geotagged/GOPR2010.JPG target=_blank><img src =geotagged/thumb/GOPR2010.JPG width=200></a><br>45.8282-13.2527,Cycloscope Project,5,45.8282,13.2527
geotagged/GOPR2020.JPG,2,<a href=geotagged/GOPR2020.JPG target=_blank><img src =geotagged/thumb/GOPR2020.JPG width=200></a><br>45.8273-13.2975,Cycloscope Project,5,45.8273,13.2975
geotagged/GOPR2030.JPG,2,<a href=geotagged/GOPR2030.JPG target=_blank><img src =geotagged/thumb/GOPR2030.JPG width=200></a><br>45.8288-13.3334,Cycloscope Project,5,45.8288,13.3334
geotagged/GOPR2040.JPG,2,<a href=geotagged/GOPR2040.JPG target=_blank><img src =geotagged/thumb/GOPR2040.JPG width=200></a><br>45.8168-13.3417,Cycloscope Project,5,45.8168,13.3417
geotagged/GOPR2050.JPG,2,<a href=geotagged/GOPR2050.JPG target=_blank><img src =geotagged/thumb/GOPR2050.JPG width=200></a><br>45.8074-13.3723,Cycloscope Project,5,45.8074,13.3723
geotagged/GOPR2060.JPG,2,<a href=geotagged/GOPR2060.JPG target=_blank><img src =geotagged/thumb/GOPR2060.JPG width=200></a><br>45.8054-13.4133,Cycloscope Project,5,45.8054,13.4133
geotagged/GOPR2070.JPG,2,<a href=geotagged/GOPR2070.JPG target=_blank><img src =geotagged/thumb/GOPR2070.JPG width=200></a><br>45.8016-13.4537,Cycloscope Project,5,45.8016,13.4537
geotagged/GOPR2080.JPG,2,<a href=geotagged/GOPR2080.JPG target=_blank><img src =geotagged/thumb/GOPR2080.JPG width=200></a><br>45.8045-13.4985,Cycloscope Project,5,45.8045,13.4985
geotagged/GOPR2090.JPG,2,<a href=geotagged/GOPR2090.JPG target=_blank><img src =geotagged/thumb/GOPR2090.JPG width=200></a><br>45.807-13.536,Cycloscope Project,5,45.807,13.536
geotagged/GOPR2100.JPG,2,<a href=geotagged/GOPR2100.JPG target=_blank><img src =geotagged/thumb/GOPR2100.JPG width=200></a><br>45.8017-13.551,Cycloscope Project,5,45.8017,13.551
geotagged/GOPR2110.JPG,2,<a href=geotagged/GOPR2110.JPG target=_blank><img src =geotagged/thumb/GOPR2110.JPG width=200></a><br>45.7909-13.5876,Cycloscope Project,5,45.7909,13.5876
geotagged/GOPR2120.JPG,2,<a href=geotagged/GOPR2120.JPG target=_blank><img src =geotagged/thumb/GOPR2120.JPG width=200></a><br>45.7745-13.61,Cycloscope Project,5,45.7745,13.61
geotagged/GOPR2130.JPG,2,<a href=geotagged/GOPR2130.JPG target=_blank><img src =geotagged/thumb/GOPR2130.JPG width=200></a><br>45.7642-13.6392,Cycloscope Project,5,45.7642,13.6392
geotagged/GOPR2140.JPG,2,<a href=geotagged/GOPR2140.JPG target=_blank><img src =geotagged/thumb/GOPR2140.JPG width=200></a><br>45.7394-13.6757,Cycloscope Project,5,45.7394,13.6757
geotagged/GOPR2150.JPG,2,<a href=geotagged/GOPR2150.JPG target=_blank><img src =geotagged/thumb/GOPR2150.JPG width=200></a><br>45.7063-13.7162,Cycloscope Project,5,45.7063,13.7162
geotagged/GOPR2160.JPG,2,<a href=geotagged/GOPR2160.JPG target=_blank><img src =geotagged/thumb/GOPR2160.JPG width=200></a><br>45.6841-13.7503,Cycloscope Project,5,45.6841,13.7503
geotagged/GOPR2170.JPG,2,<a href=geotagged/GOPR2170.JPG target=_blank><img src =geotagged/thumb/GOPR2170.JPG width=200></a><br>45.6609-13.7707,Cycloscope Project,5,45.6609,13.7707
geotagged/GOPR2180.JPG,2,<a href=geotagged/GOPR2180.JPG target=_blank><img src =geotagged/thumb/GOPR2180.JPG width=200></a><br>45.6496-13.7767,Cycloscope Project,5,45.6496,13.7767
geotagged/GOPR2190.JPG,2,<a href=geotagged/GOPR2190.JPG target=_blank><img src =geotagged/thumb/GOPR2190.JPG width=200></a><br>45.642-13.7927,Cycloscope Project,5,45.642,13.7927
geotagged/GOPR2200.JPG,2,<a href=geotagged/GOPR2200.JPG target=_blank><img src =geotagged/thumb/GOPR2200.JPG width=200></a><br>45.641-13.8151,Cycloscope Project,5,45.641,13.8151
geotagged/GOPR2210.JPG,2,<a href=geotagged/GOPR2210.JPG target=_blank><img src =geotagged/thumb/GOPR2210.JPG width=200></a><br>45.6344-13.8346,Cycloscope Project,5,45.6344,13.8346
geotagged/GOPR2220.JPG,2,<a href=geotagged/GOPR2220.JPG target=_blank><img src =geotagged/thumb/GOPR2220.JPG width=200></a><br>45.636-13.8394,Cycloscope Project,5,45.636,13.8394
geotagged/GOPR2240.JPG,2,<a href=geotagged/GOPR2240.JPG target=_blank><img src =geotagged/thumb/GOPR2240.JPG width=200></a><br>45.6391-13.8498,Cycloscope Project,5,45.6391,13.8498
geotagged/GOPR2250.JPG,2,<a href=geotagged/GOPR2250.JPG target=_blank><img src =geotagged/thumb/GOPR2250.JPG width=200></a><br>45.6405-13.8584,Cycloscope Project,5,45.6405,13.8584
geotagged/GOPR2260.JPG,2,<a href=geotagged/GOPR2260.JPG target=_blank><img src =geotagged/thumb/GOPR2260.JPG width=200></a><br>45.6465-13.8583,Cycloscope Project,5,45.6465,13.8583
geotagged/GOPR2270.JPG,2,<a href=geotagged/GOPR2270.JPG target=_blank><img src =geotagged/thumb/GOPR2270.JPG width=200></a><br>45.6685-13.8295,Cycloscope Project,5,45.6685,13.8295
geotagged/GOPR2280.JPG,2,<a href=geotagged/GOPR2280.JPG target=_blank><img src =geotagged/thumb/GOPR2280.JPG width=200></a><br>45.6876-13.7927,Cycloscope Project,5,45.6876,13.7927
geotagged/GOPR2290.JPG,2,<a href=geotagged/GOPR2290.JPG target=_blank><img src =geotagged/thumb/GOPR2290.JPG width=200></a><br>45.6879-13.7885,Cycloscope Project,5,45.6879,13.7885
geotagged/GOPR2300.JPG,2,<a href=geotagged/GOPR2300.JPG target=_blank><img src =geotagged/thumb/GOPR2300.JPG width=200></a><br>45.6974-13.8279,Cycloscope Project,5,45.6974,13.8279
geotagged/GOPR2310.JPG,2,<a href=geotagged/GOPR2310.JPG target=_blank><img src =geotagged/thumb/GOPR2310.JPG width=200></a><br>45.7055-13.862,Cycloscope Project,5,45.7055,13.862
geotagged/GOPR2320.JPG,2,<a href=geotagged/GOPR2320.JPG target=_blank><img src =geotagged/thumb/GOPR2320.JPG width=200></a><br>45.7068-13.8679,Cycloscope Project,5,45.7068,13.8679
geotagged/GOPR2330.JPG,2,<a href=geotagged/GOPR2330.JPG target=_blank><img src =geotagged/thumb/GOPR2330.JPG width=200></a><br>45.7135-13.902,Cycloscope Project,5,45.7135,13.902
geotagged/GOPR2340.JPG,2,<a href=geotagged/GOPR2340.JPG target=_blank><img src =geotagged/thumb/GOPR2340.JPG width=200></a><br>45.7071-13.9187,Cycloscope Project,5,45.7071,13.9187
geotagged/GOPR2350.JPG,2,<a href=geotagged/GOPR2350.JPG target=_blank><img src =geotagged/thumb/GOPR2350.JPG width=200></a><br>45.6963-13.947,Cycloscope Project,5,45.6963,13.947
geotagged/GOPR2360.JPG,2,<a href=geotagged/GOPR2360.JPG target=_blank><img src =geotagged/thumb/GOPR2360.JPG width=200></a><br>45.6843-13.9715,Cycloscope Project,5,45.6843,13.9715
geotagged/GOPR2370.JPG,2,<a href=geotagged/GOPR2370.JPG target=_blank><img src =geotagged/thumb/GOPR2370.JPG width=200></a><br>45.6658-13.9724,Cycloscope Project,5,45.6658,13.9724
geotagged/GOPR2380.JPG,2,<a href=geotagged/GOPR2380.JPG target=_blank><img src =geotagged/thumb/GOPR2380.JPG width=200></a><br>45.65-13.9666,Cycloscope Project,5,45.65,13.9666
geotagged/GOPR2390.JPG,2,<a href=geotagged/GOPR2390.JPG target=_blank><img src =geotagged/thumb/GOPR2390.JPG width=200></a><br>45.65-13.9666,Cycloscope Project,5,45.65,13.9666
geotagged/GOPR2400.JPG,2,<a href=geotagged/GOPR2400.JPG target=_blank><img src =geotagged/thumb/GOPR2400.JPG width=200></a><br>45.65-13.9666,Cycloscope Project,5,45.65,13.9666
geotagged/GOPR2410.JPG,2,<a href=geotagged/GOPR2410.JPG target=_blank><img src =geotagged/thumb/GOPR2410.JPG width=200></a><br>45.6435-13.9611,Cycloscope Project,5,45.6435,13.9611
geotagged/GOPR2420.JPG,2,<a href=geotagged/GOPR2420.JPG target=_blank><img src =geotagged/thumb/GOPR2420.JPG width=200></a><br>45.6224-13.9535,Cycloscope Project,5,45.6224,13.9535
geotagged/GOPR2430.JPG,2,<a href=geotagged/GOPR2430.JPG target=_blank><img src =geotagged/thumb/GOPR2430.JPG width=200></a><br>45.6049-13.9479,Cycloscope Project,5,45.6049,13.9479
geotagged/GOPR2440.JPG,2,<a href=geotagged/GOPR2440.JPG target=_blank><img src =geotagged/thumb/GOPR2440.JPG width=200></a><br>45.591-13.9792,Cycloscope Project,5,45.591,13.9792
geotagged/GOPR2450.JPG,2,<a href=geotagged/GOPR2450.JPG target=_blank><img src =geotagged/thumb/GOPR2450.JPG width=200></a><br>45.5781-14.0015,Cycloscope Project,5,45.5781,14.0015
geotagged/GOPR2460.JPG,2,<a href=geotagged/GOPR2460.JPG target=_blank><img src =geotagged/thumb/GOPR2460.JPG width=200></a><br>45.5645-14.0279,Cycloscope Project,5,45.5645,14.0279
geotagged/GOPR2470.JPG,2,<a href=geotagged/GOPR2470.JPG target=_blank><img src =geotagged/thumb/GOPR2470.JPG width=200></a><br>45.5542-14.0486,Cycloscope Project,5,45.5542,14.0486
geotagged/GOPR2480.JPG,2,<a href=geotagged/GOPR2480.JPG target=_blank><img src =geotagged/thumb/GOPR2480.JPG width=200></a><br>45.5453-14.0767,Cycloscope Project,5,45.5453,14.0767
geotagged/GOPR2490.JPG,2,<a href=geotagged/GOPR2490.JPG target=_blank><img src =geotagged/thumb/GOPR2490.JPG width=200></a><br>45.5332-14.1218,Cycloscope Project,5,45.5332,14.1218
geotagged/GOPR2500.JPG,2,<a href=geotagged/GOPR2500.JPG target=_blank><img src =geotagged/thumb/GOPR2500.JPG width=200></a><br>45.5211-14.1475,Cycloscope Project,5,45.5211,14.1475
geotagged/GOPR2510.JPG,2,<a href=geotagged/GOPR2510.JPG target=_blank><img src =geotagged/thumb/GOPR2510.JPG width=200></a><br>45.5067-14.1675,Cycloscope Project,5,45.5067,14.1675
geotagged/GOPR2520.JPG,2,<a href=geotagged/GOPR2520.JPG target=_blank><img src =geotagged/thumb/GOPR2520.JPG width=200></a><br>45.4964-14.1915,Cycloscope Project,5,45.4964,14.1915
geotagged/GOPR2530.JPG,2,<a href=geotagged/GOPR2530.JPG target=_blank><img src =geotagged/thumb/GOPR2530.JPG width=200></a><br>45.4832-14.2385,Cycloscope Project,5,45.4832,14.2385
geotagged/GOPR2540.JPG,2,<a href=geotagged/GOPR2540.JPG target=_blank><img src =geotagged/thumb/GOPR2540.JPG width=200></a><br>45.4753-14.273,Cycloscope Project,5,45.4753,14.273
geotagged/GOPR2550.JPG,2,<a href=geotagged/GOPR2550.JPG target=_blank><img src =geotagged/thumb/GOPR2550.JPG width=200></a><br>45.4724-14.2942,Cycloscope Project,5,45.4724,14.2942
geotagged/GOPR2560.JPG,2,<a href=geotagged/GOPR2560.JPG target=_blank><img src =geotagged/thumb/GOPR2560.JPG width=200></a><br>45.4603-14.31,Cycloscope Project,5,45.4603,14.31
geotagged/GOPR2570.JPG,2,<a href=geotagged/GOPR2570.JPG target=_blank><img src =geotagged/thumb/GOPR2570.JPG width=200></a><br>45.4452-14.3344,Cycloscope Project,5,45.4452,14.3344
geotagged/GOPR2580.JPG,2,<a href=geotagged/GOPR2580.JPG target=_blank><img src =geotagged/thumb/GOPR2580.JPG width=200></a><br>45.435-14.366,Cycloscope Project,5,45.435,14.366
geotagged/GOPR2590.JPG,2,<a href=geotagged/GOPR2590.JPG target=_blank><img src =geotagged/thumb/GOPR2590.JPG width=200></a><br>45.4001-14.3926,Cycloscope Project,5,45.4001,14.3926
geotagged/GOPR2600.JPG,2,<a href=geotagged/GOPR2600.JPG target=_blank><img src =geotagged/thumb/GOPR2600.JPG width=200></a><br>45.3879-14.4152,Cycloscope Project,5,45.3879,14.4152
geotagged/GOPR2610.JPG,2,<a href=geotagged/GOPR2610.JPG target=_blank><img src =geotagged/thumb/GOPR2610.JPG width=200></a><br>45.3946-14.427,Cycloscope Project,5,45.3946,14.427
geotagged/GOPR2620.JPG,2,<a href=geotagged/GOPR2620.JPG target=_blank><img src =geotagged/thumb/GOPR2620.JPG width=200></a><br>45.3874-14.4508,Cycloscope Project,5,45.3874,14.4508
geotagged/GOPR2630.JPG,2,<a href=geotagged/GOPR2630.JPG target=_blank><img src =geotagged/thumb/GOPR2630.JPG width=200></a><br>45.3766-14.4727,Cycloscope Project,5,45.3766,14.4727
geotagged/GOPR2640.JPG,2,<a href=geotagged/GOPR2640.JPG target=_blank><img src =geotagged/thumb/GOPR2640.JPG width=200></a><br>45.3752-14.4982,Cycloscope Project,5,45.3752,14.4982
geotagged/GOPR2650.JPG,2,<a href=geotagged/GOPR2650.JPG target=_blank><img src =geotagged/thumb/GOPR2650.JPG width=200></a><br>45.3752-14.5175,Cycloscope Project,5,45.3752,14.5175
geotagged/GOPR2660.JPG,2,<a href=geotagged/GOPR2660.JPG target=_blank><img src =geotagged/thumb/GOPR2660.JPG width=200></a><br>45.3769-14.5334,Cycloscope Project,5,45.3769,14.5334
geotagged/GOPR2670.JPG,2,<a href=geotagged/GOPR2670.JPG target=_blank><img src =geotagged/thumb/GOPR2670.JPG width=200></a><br>45.3835-14.5406,Cycloscope Project,5,45.3835,14.5406
geotagged/GOPR2680.JPG,2,<a href=geotagged/GOPR2680.JPG target=_blank><img src =geotagged/thumb/GOPR2680.JPG width=200></a><br>45.3853-14.5458,Cycloscope Project,5,45.3853,14.5458
geotagged/GOPR2690.JPG,2,<a href=geotagged/GOPR2690.JPG target=_blank><img src =geotagged/thumb/GOPR2690.JPG width=200></a><br>45.3837-14.5645,Cycloscope Project,5,45.3837,14.5645
geotagged/GOPR2700.JPG,2,<a href=geotagged/GOPR2700.JPG target=_blank><img src =geotagged/thumb/GOPR2700.JPG width=200></a><br>45.3742-14.5819,Cycloscope Project,5,45.3742,14.5819
geotagged/GOPR2710.JPG,2,<a href=geotagged/GOPR2710.JPG target=_blank><img src =geotagged/thumb/GOPR2710.JPG width=200></a><br>45.3677-14.6001,Cycloscope Project,5,45.3677,14.6001
geotagged/GOPR2720.JPG,2,<a href=geotagged/GOPR2720.JPG target=_blank><img src =geotagged/thumb/GOPR2720.JPG width=200></a><br>45.3682-14.6151,Cycloscope Project,5,45.3682,14.6151
geotagged/GOPR2730.JPG,2,<a href=geotagged/GOPR2730.JPG target=_blank><img src =geotagged/thumb/GOPR2730.JPG width=200></a><br>45.3496-14.6505,Cycloscope Project,5,45.3496,14.6505
geotagged/GOPR2740.JPG,2,<a href=geotagged/GOPR2740.JPG target=_blank><img src =geotagged/thumb/GOPR2740.JPG width=200></a><br>45.3417-14.682,Cycloscope Project,5,45.3417,14.682
geotagged/GOPR2750.JPG,2,<a href=geotagged/GOPR2750.JPG target=_blank><img src =geotagged/thumb/GOPR2750.JPG width=200></a><br>45.3498-14.6919,Cycloscope Project,5,45.3498,14.6919
geotagged/GOPR2760.JPG,2,<a href=geotagged/GOPR2760.JPG target=_blank><img src =geotagged/thumb/GOPR2760.JPG width=200></a><br>45.3568-14.7227,Cycloscope Project,5,45.3568,14.7227
geotagged/GOPR2770.JPG,2,<a href=geotagged/GOPR2770.JPG target=_blank><img src =geotagged/thumb/GOPR2770.JPG width=200></a><br>45.3604-14.7647,Cycloscope Project,5,45.3604,14.7647
geotagged/GOPR2780.JPG,2,<a href=geotagged/GOPR2780.JPG target=_blank><img src =geotagged/thumb/GOPR2780.JPG width=200></a><br>45.3806-14.7928,Cycloscope Project,5,45.3806,14.7928
geotagged/GOPR2790.JPG,2,<a href=geotagged/GOPR2790.JPG target=_blank><img src =geotagged/thumb/GOPR2790.JPG width=200></a><br>45.3945-14.7998,Cycloscope Project,5,45.3945,14.7998
geotagged/GOPR2800.JPG,2,<a href=geotagged/GOPR2800.JPG target=_blank><img src =geotagged/thumb/GOPR2800.JPG width=200></a><br>45.4-14.8189,Cycloscope Project,5,45.4,14.8189
geotagged/GOPR2810.JPG,2,<a href=geotagged/GOPR2810.JPG target=_blank><img src =geotagged/thumb/GOPR2810.JPG width=200></a><br>45.3922-14.8359,Cycloscope Project,5,45.3922,14.8359
geotagged/GOPR2820.JPG,2,<a href=geotagged/GOPR2820.JPG target=_blank><img src =geotagged/thumb/GOPR2820.JPG width=200></a><br>45.3885-14.8546,Cycloscope Project,5,45.3885,14.8546
geotagged/GOPR2830.JPG,2,<a href=geotagged/GOPR2830.JPG target=_blank><img src =geotagged/thumb/GOPR2830.JPG width=200></a><br>45.3925-14.8839,Cycloscope Project,5,45.3925,14.8839
geotagged/GOPR2840.JPG,2,<a href=geotagged/GOPR2840.JPG target=_blank><img src =geotagged/thumb/GOPR2840.JPG width=200></a><br>45.3808-14.9104,Cycloscope Project,5,45.3808,14.9104
geotagged/GOPR2850.JPG,2,<a href=geotagged/GOPR2850.JPG target=_blank><img src =geotagged/thumb/GOPR2850.JPG width=200></a><br>45.3734-14.9365,Cycloscope Project,5,45.3734,14.9365
